U_max_m_s,N_mean_1_s,H_m,Fr_classic,Fr_layer_0_3km,Fr_effective
123.99999999999999,0.017193370616695566,31111.0,0.23181775169719618,0.4839195002843888,
